word,female_count,male_count,PersonX_count,f_m_ratio,sentiment,polarization
grace,17,0,0,18.0,0.422,17000000.0
refused,11,0,0,12.0,-0.296,11000000.0
uncomfortable,7,0,0,8.0,-0.382,7000000.0
detention,8,1,0,4.5,-0.361,7000000.0
impressed,6,1,0,3.5,0.477,5000000.0
guilt,5,0,0,6.0,-0.273,5000000.0
complaining,5,0,1,6.0,-0.202,4.999995000005001
stops,9,1,2,5.0,-0.153,3.999998000001
pray,12,2,4,4.333,0.318,2.499999375000156
fraud,5,0,7,6.0,-0.586,0.7142856122449125
