word,female_count,male_count,Unisex_count,f_m_ratio,sentiment,polarization
grace,17,0,0,18.0,0.422,17000000.0
refused,11,0,0,12.0,-0.296,11000000.0
uncomfortable,7,0,0,8.0,-0.382,7000000.0
guilt,5,0,0,6.0,-0.273,5000000.0
complaining,5,0,1,6.0,-0.202,4.999995000005001
pray,12,2,3,4.333,0.318,3.3333322222225923
fraud,5,0,2,6.0,-0.586,2.499998750000625
detention,8,1,3,4.5,-0.361,2.3333325555558146
stops,9,1,4,5.0,-0.153,1.999999500000125
impressed,6,1,4,3.5,0.477,1.249999687500078
